"","trend","created_at"
"1","#2moons2ep11",2019-09-07 15:23:22
"2","#2moons2ep11",2019-09-07 15:28:40
"3","#3viatime",2019-09-07 15:28:40
"4","#ArmyWithLuv",2019-09-07 15:23:22
"5","#ArmyWithLuv",2019-09-07 15:28:40
"6","#asiknyajomblo",2019-09-07 15:23:22
"7","#asiknyajomblo",2019-09-07 15:28:40
"8","#ayocekklik",2019-09-07 15:23:22
"9","#ayocekklik",2019-09-07 15:28:40
"10","#BelanjaAman",2019-09-07 15:23:22
"11","#BelanjaAman",2019-09-07 15:28:40
"12","#BlibliKwave",2019-09-07 15:23:22
"13","#BlibliKWave",2019-09-07 15:28:40
"14","#ChanganAdaDusta",2019-09-07 15:23:22
"15","#ChanganAdaDusta",2019-09-07 15:28:40
"16","#EXOLSelcaDay",2019-09-07 15:23:22
"17","#EXOLSelcaDay",2019-09-07 15:28:40
"18","#Flash5thWin",2019-09-07 15:23:22
"19","#Flash5thWin",2019-09-07 15:28:40
"20","#GOT7FANFESTinBKK_DAY3",2019-09-07 15:23:22
"21","#GOT7FANFESTinBKK_DAY3",2019-09-07 15:28:40
"22","#Hacin",2019-09-07 15:23:22
"23","#Hacin",2019-09-07 15:28:40
"24","#iKONJapanTour2019_ChibaD1",2019-09-07 15:23:22
"25","#iKONJapanTour2019_ChibaD1",2019-09-07 15:28:40
"26","#IncomparableArtist_Taeyong",2019-09-07 15:23:22
"27","#IncomparableArtist_Taeyong",2019-09-07 15:28:40
"28","#ItalianGP",2019-09-07 15:23:22
"29","#ItalianGP",2019-09-07 15:28:40
"30","#Jhope2M_Spotify",2019-09-07 15:23:22
"31","#Jhope2M_Spotify",2019-09-07 15:28:40
"32","#KangDanielColorOnMeinBKK",2019-09-07 15:23:22
"33","#KangDanielColorOnMeinBKK",2019-09-07 15:28:40
"34","#KarimunjawaFest2019",2019-09-07 15:23:22
"35","#KarimunjawaFest2019",2019-09-07 15:28:40
"36","#LevisBandHunt",2019-09-07 15:23:22
"37","#LevisBandHunt",2019-09-07 15:28:40
"38","#LoveStory",2019-09-07 15:23:22
"39","#LoveStory",2019-09-07 15:28:40
"40","#malamminggu",2019-09-07 15:23:22
"41","#malamminggu",2019-09-07 15:28:40
"42","#MenariAtauMati",2019-09-07 15:23:22
"43","#MenariAtauMati",2019-09-07 15:28:40
"44","#MenolakLupa",2019-09-07 15:23:22
"45","#Midsommar",2019-09-07 15:23:22
"46","#Midsommar",2019-09-07 15:28:40
"47","#nulismini",2019-09-07 15:23:22
"48","#nulismini",2019-09-07 15:28:40
"49","#OurPreciousBAEKHYUN",2019-09-07 15:23:22
"50","#OurPreciousBAEKHYUN",2019-09-07 15:28:40
"51","#PenutupanPKNVIIGPAnsor",2019-09-07 15:23:22
"52","#PenutupanPKNVIIGPAnsor",2019-09-07 15:28:40
"53","#revisiuu_kpkcacat",2019-09-07 15:23:22
"54","#revisiuu_kpkcacat",2019-09-07 15:28:40
"55","#sadnitepoem",2019-09-07 15:23:22
"56","#sadnitepoem",2019-09-07 15:28:40
"57","#shotbyphone_nightshot",2019-09-07 15:23:22
"58","#shotbyphone_nightshot",2019-09-07 15:28:40
"59","#UFC242",2019-09-07 15:23:22
"60","#UFC242",2019-09-07 15:28:40
"61","#vinagarut",2019-09-07 15:23:22
"62","#vinagarut",2019-09-07 15:28:40
"63","#VirgoTalentSearch",2019-09-07 15:23:22
"64","#VirgoTalentSearch",2019-09-07 15:28:40
"65","#WaktunyaKumpul",2019-09-07 15:23:22
"66","#WaktunyaKumpul",2019-09-07 15:28:40
"67","#WarkopDKIreborn",2019-09-07 15:28:40
"68","#WarkopDKIReborn",2019-09-07 15:23:22
"69","#WeekendNgedit",2019-09-07 15:23:22
"70","#WeekendNgedit",2019-09-07 15:28:40
"71","#WelcomePrinceKAI",2019-09-07 15:23:22
"72","#WelcomePrinceKAI",2019-09-07 15:28:40
"73","#YUKKKuis",2019-09-07 15:23:22
"74","#YUKKKuis",2019-09-07 15:28:40
"75","#대왕토끼_현석이_생일축하해",2019-09-07 15:23:22
"76","#대왕토끼_현석이_생일축하해",2019-09-07 15:28:40
"77","Ari Aster",2019-09-07 15:23:22
"78","Babat",2019-09-07 15:23:22
"79","Babat",2019-09-07 15:28:40
"80","beranak",2019-09-07 15:23:22
"81","Brain",2019-09-07 15:23:22
"82","Brain",2019-09-07 15:28:40
"83","Cek Kemasan",2019-09-07 15:23:22
"84","Cek Kemasan",2019-09-07 15:28:40
"85","Dia Orang Istimewa",2019-09-07 15:23:22
"86","Dia Orang Istimewa",2019-09-07 15:28:40
"87","Djarum",2019-09-07 15:23:22
"88","Djarum",2019-09-07 15:28:40
"89","Greentea",2019-09-07 15:23:22
"90","Greentea",2019-09-07 15:28:40
"91","Kelas 9",2019-09-07 15:28:40
"92","KPAI",2019-09-07 15:23:22
"93","KPAI",2019-09-07 15:28:40
"94","Lentera Anak",2019-09-07 15:23:22
"95","Lentera Anak",2019-09-07 15:28:40
"96","Majapahit",2019-09-07 15:23:22
"97","Majapahit",2019-09-07 15:28:40
"98","Merlin",2019-09-07 15:23:22
"99","MERLIN",2019-09-07 15:28:40
"100","Osaka Division",2019-09-07 15:28:40
